{"cameraMode":{"drawMode":0,"name":"Shaded","section":"Shading Mode"},"sceneLighting":true,"audioPlay":false,"sceneViewState":{"showFog":true,"showMaterialUpdate":false,"showSkybox":true,"showFlares":true,"showImageEffects":true,"showParticleSystems":true,"showVisualEffectGraphs":true,"m_FxEnabled":true},"in2DMode":false,"pivot":{"x":4.7899394035339359,"y":-20.042011260986329,"z":24.493438720703126},"rotation":{"x":0.39705953001976015,"y":-0.010773878544569016,"z":0.0047292220406234268,"w":0.9177914261817932},"size":55.25653076171875,"orthographic":false}