{"cameraMode":{"drawMode":0,"name":"Shaded","section":"Shading Mode"},"sceneLighting":true,"audioPlay":false,"sceneViewState":{"showFog":true,"showMaterialUpdate":false,"showSkybox":true,"showFlares":true,"showImageEffects":true,"showParticleSystems":true,"showVisualEffectGraphs":true,"m_FxEnabled":true},"in2DMode":false,"pivot":{"x":3.1271555423736574,"y":-13.877704620361329,"z":19.237751007080079},"rotation":{"x":0.43244487047195437,"y":0.02190360054373741,"z":-0.01037326455116272,"w":0.9013963341712952},"size":32.22123336791992,"orthographic":false}