{"cameraMode":{"drawMode":0,"name":"Shaded","section":"Shading Mode"},"sceneLighting":true,"audioPlay":false,"sceneViewState":{"showFog":true,"showMaterialUpdate":false,"showSkybox":true,"showFlares":true,"showImageEffects":true,"showParticleSystems":true,"showVisualEffectGraphs":true,"m_FxEnabled":true},"in2DMode":false,"pivot":{"x":3.7642440795898439,"y":-35.979278564453128,"z":8.704944610595704},"rotation":{"x":-0.5771795511245728,"y":0.012788444757461548,"z":-0.009060370735824108,"w":-0.8165457248687744},"size":35.629364013671878,"orthographic":false}