{"cameraMode":{"drawMode":0,"name":"Shaded","section":"Shading Mode"},"sceneLighting":true,"audioPlay":false,"sceneViewState":{"showFog":true,"showMaterialUpdate":false,"showSkybox":true,"showFlares":true,"showImageEffects":true,"showParticleSystems":true,"showVisualEffectGraphs":true,"m_FxEnabled":true},"in2DMode":false,"pivot":{"x":578.389404296875,"y":300.28143310546877,"z":34.713409423828128},"rotation":{"x":-0.09168779850006104,"y":0.0036503500305116178,"z":-0.00041987968143075705,"w":-0.9958458542823792},"size":364.05816650390627,"orthographic":false}