{"cameraMode":{"drawMode":0,"name":"Shaded","section":"Shading Mode"},"sceneLighting":true,"audioPlay":false,"sceneViewState":{"showFog":true,"showMaterialUpdate":false,"showSkybox":true,"showFlares":true,"showImageEffects":true,"showParticleSystems":true,"showVisualEffectGraphs":true,"m_FxEnabled":true},"in2DMode":false,"pivot":{"x":-0.011781513690948487,"y":-9.542184829711914,"z":14.490249633789063},"rotation":{"x":0.29723796248435976,"y":-0.012628922238945961,"z":0.004057482350617647,"w":0.9547657370567322},"size":21.732929229736329,"orthographic":false}